reference; italian ref.;osim italian dico;result;acceptance;remark
&6_car_min;(6 car min);(6 car. minimum);KO;OK;HMI optimization
&Action_Non_Effectuee;(no azione effettuata);no azione effettuata;KO;OK;HMI optimization
&Action_OTAR_NOK;No azione OTAR;No azione OTAR;OK;;
&Action_OTAR_OK;Azione OTAR;Azione OTAR;OK;;
&Activate;Attiva;Attiva;OK;;
&Activation_Set_M;Attivazione Set;Attivazione Set;OK;;
&ActivationTSRD;Attivazione registrazione TSRD;Attivazione registrazione TSRD;OK;;
&ACTIVE;attivato;attivato;OK;;
&ActiverTSRD_M;Inizio registrazione TSRD;Inizio registrazione TSRD;OK;;
&Add;Aggiungere;Aggiungere;OK;;
&Adresse;Indirizzo;Indirizzo;OK;;
&AffAllTracks;Visualizzare tutte le unità;Visualizzare tutte le unità;OK;;
&Affectation;Localizzazione;Localizzazione;OK;;
&Affectation_Des_Clefs;Allocazione chiave;Allocazione chiave;OK;;
&Aide;Aiuto;Aiuto;OK;;
&Aide_M;Aiuto;Aiuto;OK;;
&AIDE_OSIM;Aiuto OSIM;Aiuto OSIM;OK;;
&Alarmes;Allarmi;Allarmi;OK;;
&ALARME_JDB;ALLARME;ALLARME;OK;;
&Ancien_mdp;Vecchia password;Vecchia password;OK;;
&ANNULATION_TCDE;Telecomando cancellato;Telecomando cancellato;OK;;
&Annuler;Cancellare;Cancellare;OK;;
&Antennes;Antenne;Antenne;OK;;
&Antennes_Cables_M;Antenne & cavi;Antenne & cavi;OK;;
&APP_Heure_MIDS_reelle;Ora MIDS;Ora MIDS;OK;;
&APP_Heure_MIDS_sim;Ora MIDS stimata;Ora MIDS stimata;OK;;
&ARCHIVAGE_KO;Registrazione NOK;Registrazione NOK;OK;;
&Archivage_M;Registrazione;Registrazione;OK;;
&ArchiverTSDF_M;Attivare registrazione TSDF;Attivare registrazione TSDF;OK;;
&Arret_BIT_M;Sospendere BIT;Sospendere BIT;OK;;
&ArreterEnregistrement;Sospendere registrazione;Sospendere registrazione;OK;;
&ATTENDRE_MAP;Caricamento della mappa in corso;Caricamento della mappa in corso;OK;;
&AUCUN_FICHIER;no file;no file;OK;;
&Autre_fic_sav;Altro file;Altro file;OK;;
&Avertissement_Action_Effectuee;avviso azione effetuata;avviso azione effetuata;OK;;
&BIT_Messages_M;BIT e messaggi;BIT e messaggi;OK;;
&Canal_A;Voce A;Voce A;OK;;
&Canal_B;Voce B;Voce B;OK;;
&Canal_de_controle;PG Controllo;PG Controllo;OK;;
&CENTRE;Centro;Centro;OK;;
&CHAINE_RECHERCHEE_VIDE;Catena di caratteri vuota;Catena di caratteri vuota;OK;;
&ChaineL16;Catena L16;Catena L16;OK;;
&Changement_mdp;Cambio password;Cambio password;OK;;
&Changer_mdp;Modificare  password;Modificare  password;OK;;
&ChangerMdP_M;Modificare  password;Modificare  password;OK;;
&CHAR_NOT_ALLOWED;"Un nome del file non può contenere seguenti caratteri: \n\\ / : * ? \""< > |";"Un nome del file non può contenere seguenti caratteri: \n\\ / : * ? \""< > |";OK;;
&Chargement_Fichier_M;Caricamento di un set;Caricamento di un set;OK;;
&Charte_graphique;Leggenda grafica;Leggenda grafica;OK;;
&Charte_graphique_M;Leggenda grafica;Leggenda grafica;OK;;
&CHGT_MDP;Cambio password;Cambio password;OK;;
&COMMANDE;Comando;Comando;OK;;
&COMMANDE_CONF_MIDS;Comando configurazione MIDS;Comando configurazione MIDS;OK;;
&COMMANDE_KO;Fine del comando NOK;Fine del comando NOK;OK;;
&COMMANDE_OK;Fine del comando OK;Fine del comando OK;OK;;
&COMMANDE_QUITTER;Comando di uscita;Comando di uscita;OK;;
&COMMANDE_X;Comando %i;Comando %s;KO;OK;correction
&Commandes;Comandi;Comandi;OK;;
&Commandes_M;Comandi;Comandi;OK;;
&Compteur_Horaire;Conto ore;Conto ore;OK;;
&CONF_MIDS_DATA_EN_CRS;Configurazione MIDS da dati attuali;Configurazione MIDS da dati attuali;OK;;
&CONF_MIDS_FIC_CONF_DEF;Configurazione MIDS da un file di configurazione predefinito;Configurazione MIDS da un file di configurazione predefinito;OK;;
&CONF_MIDS_FIC_INIT;Configurazione MIDS da un file di inizializzazione;Configurazione MIDS da un file di inizializzazione;OK;;
&CONF_MIDS_FIC_RECENT;Configurazione MIDS dal  file di configurazione  più recente;Configurazione MIDS dal  file di configurazione più recente;OK;;
&CONFIRM_INCORRECTE;Conferma non coretta;Conferma non coretta;OK;;
&CONFIRM_NON_FAITE;Conferma non effetuata;Conferma non effetuata;OK;;
&CONFIRM_REMPLACEMENT;Sei sicuro della sostituzione?;Sei sicuro della sostituzione?;OK;;
&CONFIRM_TRANS_BLK_DATA;Confermare il trasferimento del blocco dati visualizzato;Confermare il trasferimento del blocco dati visualizzato;OK;;
&CONFIRM_TRANS_DATA_EN_CRS;Conferma il trasferimento dei dati attuali;Conferma il trasferimento dei dati attuali;OK;;
&CONFIRMATION;Conferma;Conferma;OK;;
&Confirmation_mdp;Conferma nuova password:;Conferma nuova password:;OK;;
&Confirmer;Conferma;Conferma;OK;;
&Confirmer_envoi_cmd;Conferma l'invio del comando;Conferma l'invio del comando;OK;;
&CONNEXION_MIDS_ROMPUE;Connessionne con il MIDS persa;Connessionne con il MIDS persa;OK;;
&CONTENU;Contenuto;Contenuto;OK;;
&Continuer;Continua;Continua;OK;;
&Controle;Controllo;Controllo;OK;;
&Controle_M;Controllo;Controllo;OK;;
&Controle_PG_Status;Controllo PG Status;Control PG Status;KO;OK;correction technical label in english
&ControleEnregistrement;Controllo registrazione;Controllo registrazione;OK;;
&Copie;Copia;Copia;OK;;
&COPIE_FIC_CONF_MIDS;Copia dei file di configurazione;Copia dei file di configurazione;OK;;
&COPIE_FIC_INIT;Copia dei file di inizializzazione;Copia dei file di inizializzazione;OK;;
&Copier;Copia;Copia;OK;;
&Copier_M;Copia;Copia;OK;;
&DataUpLoad_M;Aggiornare;Aggiornare;OK;;
&DataInitMIDS;Inizializzazione dati MIDS;Inizializzazione dati MIDS;OK;;
&DECONNECT_MIDS_INTEMP;Sconnessione MIDS intempestiva;Sconnessione MIDS intempestiva;OK;;
&Deconnexion_CEN_demandee;Sconnessione CEN richiesta;Sconnessione CEN richiesta;OK;;
&Deconnexion_CEN;Sconnessione CEN;Sconnessione CEN;OK;;
&Deconnexion_TSDF;Sconnessione TSDF;Sconnessione TSDF;OK;;
&Decrement;Decremento;Decremento;OK;;
&Decryptage;Decriptazione;Decriptazione;OK;;
&Defaut_Interne;Difetto interno;Difetto interno;OK;;
&Definition;Definizione;Definizione;OK;;
&Desactivation_Set_M;Invalidità Set;Invalidità  Set;OK;;
&DESACTIVE;Disattivato;Disattivato;OK;;
&DesactiverTSDF_M;Fine Registrazione TSDF;Fine Registrazione TSDF;OK;;
&DesactiverTSRD_M;Fine Registrazione TSRD;Fine Registrazione TSRD;OK;;
&DESC_MOTS_INIT_MIDS;Descrizione di 3810 parole di dati di INIZIALIZZAZIONE MIDS;Descrizione di 3810 parole di dati di INIZIALIZZAZIONE MIDS;OK;;
&DESC_MOTS_STATUS_MIDS;Descrizione di 840 parole del blocco di dati STATUS MIDS;Descrizione di 840 parole del blocco di dati STATUS MIDS;OK;;
&Destination_TN;Destinazione;Destinazione TN;KO;OK;correction add TN
&DFI_264_Car_possibles;4 car. (0:9, A:Z, Space);4 car. (0:9, A:Z, Space);OK;;
&DIAGNOSTIC;Diagnostica:;Diagnostica:;OK;;
&Diagnostic;Diagnostica:;Diagnostica:;OK;;
&Directory;Cartella;Cartella;OK;;
&DisplayMAP;Visualizza la mappa;Visualizza la mappa;OK;;
&Disquette;Dischetto;Dischetto;OK;;
&DONNEES_COURANTES;Dati attuali;Dati attuali;OK;;
&Donnees_courantes;Dati attuali;Dati attuali;OK;;
&Donnees_defaut;dati di default;dati di default :;KO;OK;correction add :
&Donnees_MIDS_LVT;Dati MIDS-LVT;Dati MIDS-LVT;OK;;
&Donnees_PG_Emission;Dati PG trasmessi (TX);Dati PG trasmessi (TX);OK;;
&Donnees_PG_Mesure_De_Distance;Dati PG Misura di distanza;Dati PG Misura di distanza;OK;;
&Donnees_PG_Reception;Dati PG ricevuti (RX);Dati PG ricevuti (RX);OK;;
&Dual_Antenna_TX;Dual Antenna di Trasmissione (TX);Dual Antenna TX;KO;OK;HMI optimization
&ECR_DISQUE_ARCH_NOK;Errore di registrazione :  disco pieno o mancante;Errore di registrazione :  disco pieno o mancante;OK;;
&Effacement_BIT_M;reset BIT;Cancellazione BIT;KO;OK;correction HMI label in italian
&Effacement_Buffer_M;Cancellazione buffer;Cancellazione buffer;OK;;
&EFFACEMENT_CLE;Cancellazione Chiave (SDU Zéroize);Cancellazione Chiave (SDU Zeroize);KO;OK;correction HMI label in italian
&Effacement_Cle;Cancellazione Chiave;Cancellazione Chiave;OK;;
&Effacement_Cle_M;Cancellazione Chiavi;Cancellazione Chiavi;OK;;
&Effacement_IPF;Reset IPF;Cancellazione IPF;KO;OK;correction HMI label in italian
&EFFACEMENT_IPF;Reset IPF;Cancellazione IPF;KO;OK;correction HMI label in italian
&Effacement_IPF_M;Reset IPF;Cancellazione IPF;KO;OK;correction HMI label in italian
&Enregistrer;Salva;Salva;OK;;
&ENREGISTRER;Salva;Salva;OK;;
&Enregistrer_sous;Salva come …;Salva come ...;OK;;
&Entree_Initiale_M;Ingresso iniziale;Ingresso Ini.;KO;OK;HMI optimization
&Entree_Initiale;Ingresso iniziale;Ingresso Ini.;KO;OK;HMI optimization
&ENTREE_RESEAU;Ingresso Rete (Net Entry Reset);Ingresso Rete (Net Entry Reset);OK;;
&Entree_Reseau;Ingresso Rete;Ingresso Rete;OK;;
&Entree_Reseau_M;Ingresso Rete;Ingresso Rete;OK;;
&Environnement_Limite;Limite Ambiente;Limite Ambiente;OK;;
&ENVOI_BLK_DATA_CRYPTO_DATE;Invio blocco di parametri CRYPTO e DATI;Invio blocco di parametri CRYPTO e DATI;OK;;
&ENVOI_BLK_DATA_PHONIE_CTRL;Invio blocco parametri FONIA;Invio blocco parametri FONIA;OK;;
&ENVOI_BLK_DATA_PORTS_PHONIE;Invio blocco parametri PORTE FONIA;Invio blocco parametri PORTE FONIA;OK;;
&ENVOI_BLK_DATA_RADIO;Invio blocco di parametri RADIO;Invio blocco di parametri RADIO;OK;;
&ENVOI_BLK_DATA_ENTREE_INITIALE;Invio blocco di parametri INGRESSO INIZIALE;Invio blocco di parametri INGRESSO INIZIALE;OK;;
&ENVOI_BLK_DATA_J0_0;Invio blocco di parametri J0.0;Invio blocco di parametri J0.0;OK;;
&ENVOI_BLK_DATA_ANTENNES_CABLES;Invio blocco di parametri ANTENNE e CAVI;Invio blocco di parametri ANTENNE e CAVI;OK;;
&ENVOI_BLK_DATA_TX_RX_PG;Invio blocco di parametri TX/RX PG;Invio blocco di parametri TX/RX PG;OK;;
&ENVOI_BLK_DATA_REPROMUL;Invio blocco di parametri Ripromulgazione;Invio blocco di parametri Ripromulgazione;OK;;
&ENVOI_BLK_DATA_STATION;Invio blocco di parametri STAZIONE;Invio blocco di parametri STAZIONE;OK;;
&ENVOI_BLK_DATA_PLATEFORME;Invio blocco di parametri PIATTAFORMA;Invio blocco di parametri PIATTAFORMA;OK;;
&ENVOI_BLK_DATA_POSITIONS;Invio blocco di parametri Posizione;Invio blocco di parametri Posizione;OK;;
&ENVOI_BLK_DATA_TSA_RSA;Invio blocco di parametri TSA/RSA;Invio blocco di parametri TSA/RSA;OK;;
&EnvoiFichier;Invio del file: ;Invio del file: ;OK;;
&ERR_CARTOGRAPHIE_NON_DISPONIBLE;Mappa mancante;Mappa mancante;OK;;
&ERR_COPIE_FICHIER;Copia del file impossibile;Copia del file impossibile;OK;;
&ERR_LANCER_MAPPOINT;Errore all'avvio del MapPoint;Errore all'avvio del MapPoint;OK;;
&ERR_LECT_FIC_CONF;Errore di lettura del file di configurazione;Errore di lettura del file di configurazione;OK;;
&ERR_SAISIE_ANCIEN_MDP;Errore durante l'imissione della vecchia password. Prova nuovamente;Errore durante l'imissione della vecchia password. Prova nuovamente;OK;;
&ERR_SAISIE_NOUVEAU_MDP;Errore durante l'imissione della nuova password. Prova nuovamente;Errore durante l'imissione della nuova password. Prova nuovamente;OK;;
&ERR_SUPPRESSION_FICHIER;Cancellazione del file impossibile;Cancellazione del file impossibile;OK;;
&ERR_TCDE;Errore Telecomando;Errore Telecomando;OK;;
&ERREUR;Errore;Errore;OK;;
&ERREUR_ARCHIVAGE;Errore archiviazione;Errore archiviazione;OK;;
&ERREUR_INTERNE_APPLI;Errore interno dell'applicazione;Errore interno dell'applicazione;OK;;
&ERREUR_SAISIE;Errore di input;Errore di input;OK;;
&Erreur_saisie;Errore di input;Errore di input;OK;;
&ERREUR_SAISIE_SET_INDEX_NUMBER;Errore di ingresso: il numero index deve essere compreso tra 1 e 255;Errore di ingresso: il numero index deve essere compreso tra 1 e 255;OK;;
&ERREUR_OUVERTURE_FIC_CONF;Errore dell'apertura del file di configurazione;Errore dell'apertura del file di configurazione;OK;;
&Estimee;Stimata;Stimata;OK;;
&Etat_connu_elt;Stati conosciuti degli allarmi;Stati conosciuti degli allarmi;OK;;
&Etat_estime_elt;Stati stimati dei componenti;Stati stimati dei componenti;OK;;
&Etat_fenetre_consultation;Stati dei campi nelle finestre di consultazione;Stati dei campi nelle finestre di consultazione;OK;;
&Etat_fenetre_edition;Stato dei campi di modifica;Stato dei campi di modifica;OK;;
&Etat_KO;NOK (connessione rotta, allarme);NOK (connessione rotta, allarme);OK;;
&Etat_OK;OK (connessione creata, funzionamento correto);OK (connessione creata, funzionamento correto);OK;;
&Execution;Esecuzione;Esecuzione;OK;;
&EXPORT;Esporta;Esporta;OK;;
&Exporter_Fic_Init_M;Esporta un file di inizializzazione;Esporta un file di inizializzazione;OK;;
&Exporter_Fic_Conf_M;Esporta un file di configurazione;Esporta un file di configurazione;OK;;
&Fermer;Chiudere;Chiudere;OK;;
&FIC_ARCH_VIDE;Il file di registrazione è vuoto;Il file di registrazione è vuoto;OK;;
&FIC_ENREGISTRE_SOUS;Il file %s è registrato su %s;Il file %s è registrato su %s;OK;;
&FIC_EXISTE_DEJA;Il file %s è già esistente;Il file %s è già  esistente;OK;;
&FIC_LECTURE_SEULE;Il file %s è solo in lettura;Il file %s è solo in lettura;OK;;
&FIC_NON_CHARGE;Il file %s non è caricato;Il file %s non è caricato;OK;;
&Fichier;File;File;OK;;
&Fichier_conf_MIDS;File di configurazione;File di configurazione;OK;;
&Fichier_conf_MIDS_M;File di configurazione;File di configurazione;OK;;
&Fichier_de_reference;File di riferimento:;File di riferimento:;OK;;
&Fichier_don_MIDS;File di Backup;File di Backup;OK;;
&Fichier_don_MIDS_M;File di Backup;File di Backup;OK;;
&Fichier_enregistrement;File di registrazione:;File di registrazione :;OK;;
&Fichier_M;File;File;OK;;
&Fichiers_disque_dur;I File sul Hard Disk;I File sul Hard Disk;OK;;
&File;File;File;OK;;
&FILE_JOURNAL;Diario;Diario;OK;;
&Forcage_Marche;Funzionamento forzato;Funzionamento forzato;OK;;
&FXMs_Recording_Control;Controllo registrazioni;Controllo registrazioni;OK;;
&General;Generale;Generale;OK;;
&Gestion_Du_Jour;Gestione del giorno;Gestione del giorno;OK;;
&GridOrigin;Griglia di origine;Griglia di origine;OK;;
&Grid_Origin_Latitude;Griglia di origine Latitudine;Grid Origin Latitude;KO;OK;correction technical label in english
&Grid_Origin_Longitude;Griglia di origine Longitudine;Grid Origin Longitude;KO;OK;correction technical label in english
&GrilleOrigine_M;Griglia di origine;Griglia di origine;OK;;
&Heure;Tempo;Tempo;OK;;
&heure(s);ora(e);ora(e);OK;;
&Heure_M;Aggiornamento dell'ora;Aggiornamento dell'ora;OK;;
&HeureDateLocale;Ora e data locale;Ora e data locale;OK;;
&HeureLocale;Ora locale;Ora locale;OK;;
&HeureMIDS;Ora MIDS;Ora MIDS;OK;;
&Illegal;Vietato;Vietato;OK;;
&Importer_Exporter;Importa/Esporta;Importa/Esporta;OK;;
&Importer_Fic_Init_M;Importa file di inizializzazione;Importa file di inizializzazione;OK;;
&Importer_Fic_Conf_M;Importa file di configurazione;Importa file di configurazione;OK;;
&IMPRESSION_INITIALISEE;Stampa iniziata;Stampa iniziata;OK;;
&Imprimer;Stampa;Stampa;OK;;
&INCONNU;Sconosciuto;Sconosciuto;OK;;
&INDEX_NON_AUTORISE;Numero index non autorizzato;Numero index non autorizzato;OK;;
&Init_Terminal_M;Inizializzazione;Inizializzazione;OK;;
&Initialisation;Inizializzazione;Inizializzazione;OK;;
&Initialisation_du_terminal;Inizializzazione del Terminale;Inizializzazione del Terminale;OK;;
&Initialisation_M;Inizializzazione;Inizializzazione;OK;;
&InsererTexteLibre_M;Inserire testo libero;Inserire testo libero;OK;;
&INSERT_LIBELLE_JDB;Inserimento di un testo libero nel diario;Inserimento di un testo libero nel diario;OK;;
&INTR_TCDE_TIMEOUT;Interruzione del telecomando su time-out;Interruzione del telecomando su time-out;OK;;
&IPF_Reset_M;IPF reset;IPF reset;OK;;
&Invalid;Invalido;Invalido;OK;;
&JdB;Diario;Diario;OK;;
&JDB_COURANT_TEMPO;\\DiarioCorrente_Tempo.txt;\\DiarioCorrente_Tempo.txt;OK;;
&JDB_VIDE;Il diario è vuoto;Il diario è vuoto;OK;;
&Journal;Diario;Diario;OK;;
&Journal_M;Diario;Diario;OK;;
&JUdistantes_M;JU distante;JU distanti;KO;OK;correction e to i
&LancerEnregistrement;Avvia Registrzione;Avvia Registrazione;KO;OK;correction a missing
&LECT_ALL_DATA_INIT_MIDS;Lettura dei dati INIT MIDS completi;Lettura dei dati INIT MIDS completi;OK;;
&LECT_DATA_INIT_MIDS;Lettura dei dati INIT MIDS;Lettura dei dati INIT MIDS;OK;;
&Level;Livello;Livello;OK;;
&Le_fichier_a_ete_exporte;Il file è esportato con successo;Il file è esportato con successo;OK;;
&Le_fichier_na_pas_ete_exporte;Il file non è esportato ;Il file non è esportato ;OK;;
&LIAIS_DLIP_OSIM_OK_MIDS_NOK;DLIP/OSIM connessi - DLIP/OSIM non connessi;DLIP/OSIM connessi - DLIP/OSIM non connessi;OK;;
&LIAIS_OSIM_DLIP_MIDS_OK;OSIM/DLIP/MIDS connessi;OSIM/DLIP/MIDS connessi;OK;;
&Liaisons_externes; OSIM                            DLIP                           MIDS; OSIM                            DLIP                           MIDS;OK;;
&Liste_Des_CT_DTB_A_Enregistrer;Elenco dei CT DTB da registrare (Core to Tailored Data Transfer Blocks);Elenco dei CT DTB da registrare (Core to Tailored Data Transfer Blocks);OK;;
&Liste_Des_FIMs_A_Enregistrer;Elenco dei FIM da registrare (Functional Input Message);Elenco dei FIM da registrare (Functional Input Message);OK;;
&Liste_Des_FOMs_A_Enregistrer;Elenco dei FOM da registrare (Functional Output Message);Elenco dei FOM da registrare (Functional Output Message);OK;;
&Liste_Des_JU_Distantes;Elenco delle JU distanti;Elenco delle JU distanti;OK;;
&Liste_Des_TC_DTB_A_Enregistrer;Elenco dei TC DTB da registrare (Tailored to Core Data Transfer Blocks);Elenco dei TC DTB da registrare (Tailored to Core Data Transfer Blocks);OK;;
&LISTE_FIC_CONF_MIDS;Elenco dei file di configurazione;Elenco dei file di configurazione MIDS;KO;OK;correction add MIDS
&LISTE_FIC_INIT;Elenco dei file di inizializzazione;Elenco dei file di inizializzazione;OK;;
&Load_Complete_M;Caricamento completo;Caricamento completo;OK;;
&LONGUEUR_INSUFFISANTE;Lunghezza insufficiente;Lunghezza insufficiente;OK;;
&Maj_Heure;Aggiornamento dell'ora;Aggiornamento dell'ora;OK;;
&MAJ_HEURE_IN_PROGRESS;Aggiornamento dell'ora in corso;Aggiornamento dell'ora in corso;OK;;
&MAJ_HEURE_MIDS;Aggiornamento dell'ora MIDS;Aggiornamento dell'ora MIDS;OK;;
&MAJHeureReseau_M;Aggiornamento dell'ora Rete MIDS;Aggiornamento dell'ora Rete MIDS;OK;;
&Manuel_complet;Manuale completo;Manuale completo;OK;;
&Manuel_complet_M;Manuale completo;Manuale completo;OK;;
&Map;Mappa;Mappa;OK;;
&Marche_ON_OFF;Switch ON/OFF;Switch ON/OFF;OK;;
&Messages;Messaggi;Messaggi;OK;;
&minute(s);minuto(i);minuto(i);OK;;
&Mise_A_Heure;Aggiornamento Ora;Aggiornamento Ora;OK;;
&Mise_A_Heure_M;Aggiornamento Ora MIDS;Aggiornamento Ora MIDS;OK;;
&MISE_HEURE_MIDS;Aggiornamento Ora MIDS;Aggiornamento Ora MIDS;OK;;
&MODIF_HEURE_RESEAU_MIDS;Modificazione dell'ora Rete MIDS;Modificazione dell'ora Rete MIDS;OK;;
&MODIFICATION_RSA_PU;Modificazione RSA PU;Modificazione RSA PU;OK;;
&MODIFICATION_TSA_PU;Modificazione TSA PU;Modificazione TSA PU;OK;;
&Modifier;Modifica;Modifica;OK;;
&MODIFIER;Modifica;Modifica;OK;;
&MODIFIER_RSA_JU;Modifica RSA di una JU;Modifica RSA di una JU;OK;;
&MODIFIER_TSA_JU;Modifica TSA di una JU;Modifica TSA di una JU;OK;;
&ModifRSA_JU_M;Modifica RSA di una JU;Modifica RSA di una JU;OK;;
&ModifTSA_JU_M;Modifica TSA di una JU;Modifica TSA di una JU;OK;;
&Mot_De_Passe;Password;Password;OK;;
&MSG_NOK_CF_JDB;Messaggio di risposta NOK (vedi diario);Messaggio di risposta NOK (vedi diario);OK;;
&Multiplexage;Multiplexing;Multiplexing;OK;;
&NB_PAGES_CONFIRM_IMPRESS;Numero di pagine:%d. Conferma la stampa?;Numero di pagine:%d. Conferma la stampa?;OK;;
&NB_STN;NUM_STN;NUM_STN;OK;;
&NbTrack:;Numero di JU:;Numero di JU:;OK;;
&Net_Entry_Reset_M;Reset ingresso rete ;Reset ingresso rete;OK;;
&NO_ERROR;No errore;No errore;OK;;
&NO_FILE_FOUND;File non trovato;File non trovato;OK;;
&NOM_COPIE_FIC;Copia(%d)_%s;Copia(%d)_%s;OK;;
&Nom_espace;Nome dello spazio consultato;Nome dello spazio;KO;OK;HMI optimize
&NOM_FIC_ERR_FATALE;ErroreFatale.txt;ErroreFatale.txt;OK;;
&Nom_fic_select;Nome del file selezionato;Nome del file selezionato : ;KO;OK;correction add :
&Nom_repertoire;Nome della cartella:;Nome della cartella:;OK;;
&Nouveau_mdp;Nuova password;Nuova password:;KO;OK ;correction add :
&Nouvelle_heure;Nuova ora;Nuova ora;OK;;
&NTR;Net Time Reference;Net Time Reference;OK;;
&NUM_BLK_NOT_IN_1_TO_31;Il numero di blocco non è tra 1 e 31;Il numero di blocco non è tra 1 e 31;OK;;
&NUM_BLK_NOT_IN_1_TO_32;Il numero di blocco non è tra 1 e 32;Il numero di blocco non è tra 1 e 32;OK;;
&NUM_BLK_NOT_IN_1_TO_64;Il numero di blocco non è tra 1 e 64;Il numero di blocco non è tra 1 e 64;OK;;
&NUM_BLK_NOT_VALID;Il numero di blocco non è valido;Il numero di blocco non è valido;OK;;
&Onglet_CtrlTSRD;Controllo TSRD;Controllo TSRD;OK;;
&Origine_Grille;Origine Griglia;Origine Griglia;OK;;
&OUTIL_SPV_INIT_MIDS; - Tool di Supervisione e inizializzazione del MIDS-LVT; - Tool di Supervisione e inizializzazione del MIDS-LVT;OK;;
&Outils;Tools;Tools;OK;;
&Ouvrir;Aprire;Aprire;OK;;
&OUVRIR;Aprire;Aprire;OK;;
&Ouvrir_M;Aprire;Aprire;OK;;
&PARA_CRYPTO_DATE;Parametri - Crypto e Data;Parametri - Crypto e Data;OK;;
&PARA_CRYPTO_DATE_BASE;Parametri - Crypto e Data - Base <%s>;Parametri - Crypto e Data - Base <%s>;OK;;
&PARA_PHONIE_CTRL;Parametri - Fonia e Controllo (1/2);Parametri - Fonia e Controllo (1/2);OK;;
&PARA_PHONIE_CTRL_BASE;Parametri - Fonia e Controllo (1/2) - Base <%s>;Parametri - Fonia e Controllo (1/2) - Base <%s>;OK;;
&PARA_PHONIE_IN_PROGRESS;PARA_VOCE_IN_CORSO;PARA_VOCE_IN_CORSO;OK;;
&PARA_PLATEFORME;Parametri - Stazione (2/3);Parametri - Stazione (2/3);OK;;
&PARA_PLATEFORME_BASE;Parametri - Stazione (2/3) - Base <%s>;Parametri - Stazione (2/3) - Base <%s>;OK;;
&PARA_PORTS_PHONIE;Parametri - Fonia e Controllo (2/2);Parametri - Fonia e Controllo (2/2);OK;;
&PARA_PORTS_PHONIE_BASE;Parametri - Fonia e Controllo (2/2) - Base <%s>;Parametri - Fonia e Controllo (2/2) - Base <%s>;OK;;
&PARA_POSITIONS;Parametri - Stazione (3/3);Parametri - Stazione (3/3);OK;;
&PARA_POSITIONS_BASE;Parametri - Stazione (3/3) - Base <%s>;Parametri - Stazione (3/3) - Base <%s>;OK;;
&PARA_RADIO;Parametri - Radio (1/5);Parametri - Radio (1/5);OK;;
&PARA_RADIO_BASE;Parametri - Radio (1/5) - Base <%s>;Parametri - Radio (1/5) - Base <%s>;OK;;
&PARA_RADIO_ANTENNES_CABLES;Parametri - Radio (5/5);Parametri - Radio (5/5);OK;;
&PARA_RADIO_ANTENNES_CABLES_BASE;Parametri - Radio (5/5) - Base <%s>;Parametri - Radio (5/5) - Base <%s>;OK;;
&PARA_RADIO_ENTREE_INITIALE;Parametri - Radio (2/5);Parametri - Radio (2/5);OK;;
&PARA_RADIO_ENTREE_INITIALE_BASE;Parametri - Radio (2/5) - Base <%s>;Parametri - Radio (2/5) - Base <%s>;OK;;
&PARA_RADIO_J0_0;Parametri - Radio (3/5);Parametri - Radio (3/5);OK;;
&PARA_RADIO_J0_0_BASE;Parametri - Radio (3/5) - Base <%s>;Parametri - Radio (3/5) - Base <%s>;OK;;
&PARA_RADIO_TX_RX_PG;Parametri - Radio (4/5);Parametri - Radio (4/5);OK;;
&PARA_RADIO_TX_RX_PG_BASE;Parametri - Radio (4/5) - Base <%s>;Parametri - Radio (4/5) - Base <%s>;OK;;
&PARA_RADIO_IN_PROGRESS;PARA_RADIO_IN_PROGRESS;PARA_RADIO_IN_PROGRESS;OK;;
&PARA_REPROMULGATION;Parametri - Ripromulgazione;Parametri - Ripromulgazione;OK;;
&PARA_REPROMULGATION_BASE;Parametri - Ripromulgazione - Base <%s>;Parametri - Ripromulgazione - Base <%s>;OK;;
&PARA_STATION;Parametri - Stazione (1/3);Parametri - Stazione (1/3);OK;;
&PARA_STATION_BASE;Parametri - Stazione (1/3) - Base <%s>;Parametri - Stazione (1/3) - Base <%s>;OK;;
&PARA_TSA_RSA;Parametri - TSA/RSA;Parametri - TSA/RSA;OK;;
&PARA_TSA_RSA_BASE;Parametri - TSA/RSA - Base <%s>;Parametri - TSA/RSA - Base <%s>;OK;;
&Parametre_Modifiable;Parametro modificabile;Parametro modificabile;OK;;
&Parametre_Modifiable_Persistant;Parametro modificabile e persistente;Parametro modificabile e persistente;OK;;
&Parametre_non_modifiable_fixe;Parametro non modificabile e fisso;Parametro non modificabile e fisso;OK;;
&Parametre_non_persistant;Parametro non persistente;Parametro non persistente;OK;;
&Parametre_Persistant;Parametro persistente;Parametro persistente;OK;;
&Parametres;Parametri;Parametri;OK;;
&Parametres_J0_0;Parametri J0.0;Parametri J0.0;OK;;
&Parametres_M;Parametri;Parametri;OK;;
&PB_LECT_DISQUETTE;Errore di accesso al dischetto;Errore di accesso al dischetto;OK;;
&PB_MEM_SYSTEM_NO_TCDE;Errore memoria sistema: il SW non può inviare il messaggio di controllo del telecomando;Errore memoria sistema: il SW non può inviare il messaggio di controllo del telecomando;OK;;
&PB_SAISIE_CHAMP_CONF;Errore sull'ingresso di un campo di configurazione;Errore sull'ingresso di un campo di configurazione;OK;;
&PG_En_Emission;PG trasmissione (TX);PG trasmissione (TX);OK;;
&Platform_M;Piattaforma;Piattaforma;OK;;
&Plateforme;Piattaforma;Piattaforma;OK;;
&Phonie;Fonia;Fonia;OK;;
&Phonie_Ctrl;Fonia & Ctrl;Fonia & Ctrl;OK;;
&Phonie_M;Fonia & Controllo;Fonia & Controllo;OK;;
&Ports_Phonie;Porti Fonia;Porti Fonia;OK;;
&Ports_Phonie_M;Porti Fonia;Porti Fonia;OK;;
&Precedent;Precedente;Precedente;OK;;
&Quality;Qualità;Qualità;OK;;
&QUESTION_ALLUMER_TERMINAL;Sei sicuro di voler accendere il terminale?;Sei sicuro di voler accendere il terminale?;OK;;
&QUESTION_EFFACER_LES_CLES;Sei sicuro di voler cancellare le chiavi?;Sei sicuro di voler cancellare le chiavi?;OK;;
&QUESTION_ETEINDRE_TERMINAL;Sei sicuro di voler spegnere il terminale?;Sei sicuro di voler spegnere il terminale?;OK;;
&QUESTION_FORCAGE_MARCHE_OFF;Sei sicuro di voler disattivare il funzionamento forzato del terminale?;Sei sicuro di voler disattivare il funzionamento forzato del terminale?;OK;;
&QUESTION_FORCAGE_MARCHE_ON;Sei sicuro di voler attivare il funzionamento forzato?;Sei sicuro di voler attivare il funzionamento forzato?;OK;;
&QUESTION_QUITTER_APPLI;Sei sicuro di voler uscire?;Sei sicuro di voler uscire?;OK;;
&QUESTION_STANDBY_OFF;Sei sicuro di voler disattivare lo standby?;Sei sicuro di voler disattivare lo standby?;OK;;
&QUESTION_STANDBY_ON;Sei sicuro di voler attivare lo standby?;Sei sicuro di voler attivare lo standby?;OK;;
&Quitter;Uscire;Uscire;OK;;
&Quitter_M;Uscire;Uscire;OK;;
&Raz_Cles;Reset chiave;Reset chiave;OK;;
&RAZ_RX_FLOW_CONTROL_BUFFER;Cancella RX Flow Control buffer;Cancella RX Flow Control buffer;OK;;
&RAZ_TX_PG_QUEUES_1_10;Cancella TX PG Queues 1 to 10;Cancella TX PG Queues 1 - 10;KO;OK;HMI optimize
&RAZ_TX_OTHER_PGS_QUEUE;Cancella TX Other PGs Queue;Cancella TX Other PGs Queue;OK;;
&RAZ_TX_PG_QUEUE_10;Cancella TX PG Queue 10;Cancella TX PG Queue 10;OK;;
&RAZ_TX_PG_QUEUE_9;Cancella TX PG Queue 9;Cancella TX PG Queue 9;OK;;
&RAZ_TX_PG_QUEUE_8;Cancella TX PG Queue 8;Cancella TX PG Queue 8;OK;;
&RAZ_TX_PG_QUEUE_7;Cancella TX PG Queue 7;Cancella TX PG Queue 7;OK;;
&RAZ_TX_PG_QUEUE_6;Cancella TX PG Queue 6;Cancella TX PG Queue 6;OK;;
&RAZ_TX_PG_QUEUE_5;Cancella TX PG Queue 5;Cancella TX PG Queue 5;OK;;
&RAZ_TX_PG_QUEUE_4;Cancella TX PG Queue 4;Cancella TX PG Queue 4;OK;;
&RAZ_TX_PG_QUEUE_3;Cancella TX PG Queue 3;Cancella TX PG Queue 3;OK;;
&RAZ_TX_PG_QUEUE_2;Cancella TX PG Queue 2;Cancella TX PG Queue 2;OK;;
&RAZ_TX_PG_QUEUE_1;Cancella TX PG Queue 1;Cancella TX PG Queue 1;OK;;
&Rechercher;Cerca;Cerca;OK;;
&REGARD_FORMAT_DATA;Visualizza il formato dati evidenziato;Visualizza il formato dati evidenziato;OK;;
&Re_Initialisation_M;Ripristinare;Ripristinare;OK;;
&Reinitialisation_Nav_M;Ripristinare la Navigazione;Ripristinare la Navigazione;OK;;
&REINIT_NAV;Ripristinare la Navigazione;Ripristinare la Navigazione;OK;;
&REINIT_LOAD_COMPLETE;Cariamento completo;Cariamento completo;OK;;
&REINIT_VALEURS_COURANTES;Ripristinare con i dati attuali;Ripristinare con i dati attuali;OK;;
&REINIT_VALEURS_PAR_DEFAUT;Ripristinare con i dati di default;Ripristinare con i dati di default;OK;;
&Relayage;;Funzione di Relè;KO;OK ;correction HMI label in italian
&repertoire;<cartella>;<cartella>;OK;;
&Reseau_M;Rete;Rete;OK;;
&Reseau_variables;Rete e variabile di Default;Rete e variabile di Default;OK;;
&RESERVE;Riservato;Riservato;OK;;
&Restart_default_data;Uscita Rete;Uscita Rete;OK;;
&Retard_cables;Ritardo Cavi;Ritardo Cavi;OK;;
&SAISIE_INCORRECTE;Immissione non corretta;Immissione non corretta;OK;;
&SAISIE_MDP;Immissione del password;Immissione del password;OK;;
&SAISIE_NON_FAITE;Immissione non effetuata;Immissione non effetuata;OK;;
&Sauvegarde;Salvaguardare;Salvaguardare;OK;;
&Sauvegarder;Salva;Salva;OK;;
&Sauvegarder_M;Salva;Salva;OK;;
&Scenario_ODER;File di inizializzazione;File di inizializzazione;OK;;
&Scenario_ODER_M;File di inizializzazione;File di inizializzazione;OK;;
&SDU_Zeroize;Cancellazione Chiave;Cancellazione Chiave;OK;;
&SDU_Zeroize_M;Cancellazione Chiave;Cancellazione Chiave;OK;;
&Securite;Sicurezza;Sicurezza;OK;;
&Securite_M;Sicurezza;Sicurezza;OK;;
&Select_Arch_To_Edit;Selezione dei record da visualizzare;Selezione dei record da visualizzare;OK;;
&SELECT_FIM_FOM_TO_RECORD;Selezione dei FIM e dei FOM da registrare;Selezione dei FIM e dei FOM da registrare;OK;;
&Select_JdB_To_Edit;Selezione del diario da visualizzare;Selezione del diario da visualizzare;OK;;
&SELECT_TSRD_TO_RECORD;Selezione di TSRD da registrare;Selezione di TSRD da registrare;OK;;
&SELECT_UN_FIC;Seleziona un file!;Seleziona un file!;OK;;
&Selection_Antennes;Selezione Antenne;Selezione Antenne;OK;;
&SORTIE_RESEAU;Uscita Rete (TDMA Silent);Uscita Rete (TDMA Silent);OK;;
&Sortie_Reseau;Uscita Rete;Uscita Rete;OK;;
&Sortie_Reseau_M;Uscita Rete;Uscita Rete;OK;;
&Source;Sorgente;Sorgente;OK;;
&SPV_MSG;Supervizione - Messaggi;Supervizione - Messaggi;OK;;
&SPV_RESEAU_MIDS;Supervizione del rete MIDS - Elenco di JU distanti;Supervizione del rete MIDS - Elenco di JU distanti;OK;;
&SPV_SETS;Supervisione - Stored Sets;Supervizione - Stored Sets;KO;OK;correction s to z
&SPV_TERMINAL;Supervisione - Terminale;Supervizione - Terminale;KO;OK;correction s to z
&SPV_TERMINAL_INHIBEE;Supervisione del Terminale disattivato;Supervizione del Terminale disattivato;KO;OK;correction s to z
&Status_A_Enregistrer;Status Data Segments da registrare;Status Data Segments da registrare;OK;;
&Status_Crypto;Stato Crypto;Stato Crypto;OK;;
&Suivant;Seguente;Seguente;OK;;
&Supervision;Supervisione;Supervizione;KO;OK;correction s to z
&Supervision;Supervisione;Supervizione;KO;OK;correction s to z
&Supervision_M;Supervisione;Supervizione;KO;OK;correction s to z
&SUPPR_FIC_CONF_MIDS;Cancellazione dei file di configurazione MIDS;Cancellazione dei file di configurazione MIDS;OK;;
&SUPPR_FIC_IMPOSSIBLE;Il file non è cancellabile;Il file non è cancellabile;OK;;
&SUPPR_FIC_INIT_ODER;Cancellazione dei file di inizializzazione;Cancellazione dei file di inizializzazione;OK;;
&Suppression_Set_M;Cancellazione Set;Cancellazione Set;OK;;
&Supprimer;Cancella;Cancella;OK;;
&SUPPRIMER;Cancella;Cancella;OK;;
&Supprimer_M;Cancella;Cancella;OK;;
&T1_Temp_Entree_Air;T1: Temp. Ingresso Aero (°C);T1: Temp. Ingresso Aero (°C);OK;;
&T2_Temp_Sortie_Air;T2: Temp. Uscita Aero (°C);T2: Temp. Uscita Aero (°C);OK;;
&Temperature_Critique;Temperatura critica;Temperatura critica;OK;;
&TEST_JU_DISTANTE;Test JU distante;Test JU distanti;KO;OK;correction e to i
&TestJUdistante_M;Test JU distante;Test JU distanti;KO;OK;correction e to i
&TEXT_NOK_DANS_TEXTE;Non c'è la catena dei caratteri cercata nel documento;Non c'è la catena dei caratteri cercata nel documento;OK;;
&TEXT_NOK_PRECEDENT_TEXTE;Non c'è la catena dei caratteri cercata nel precedente testo;Non c'è la catena dei caratteri cercata nel precedente testo;OK;;
&TEXT_NOK_SUITE_TEXTE;la stringa dei caratteri non è stata trovata nel resto del documento;la stringa dei caratteri non è stata trovata nel resto del documento;OK;;
&Texte_Libre;Testo libero;Testo libero;OK;;
&TEXTE_LIBRE;*Testo libero*;**Testo libero**;KO;OK;HMI optimize
&Titre_Charte_Graphique;Definizione degli colori utilizzati;Definizione degli colori utilizzati;OK;;
&Track_Number;Track number;Track number;OK;;
&TRANS_ALL_DATA_INIT_MIDS;Trasferimento completo di dati iniziali MIDS;Trasferimento completo di dati iniziali MIDS;OK;;
&TRANS_BLK_DATA_INIT_MIDS;Trasferimento di un blocco di dati iniziali MIDS;Trasferimento di un blocco di dati iniziali MIDS;OK;;
&TRANS_PARA_ANTENNES_CABLES;Trasferimento Parametri Antenne e Cavi;Trasferimento Parametri Antenne e Cavi;OK;;
&TRANS_PARA_CRYPTO_DATE;Trasferimento Parametri Crypto e Data;Trasferimento Parametri Crypto e Data;OK;;
&TRANS_PARA_ENTREE_INITIALE;Trasferimento Parametri Ingresso Iniziali;Trasferimento Parametri Ingresso Iniziali;OK;;
&TRANS_PARA_J0_0;Trasferimento Parametri J0.0;Trasferimento Parametri J0.0;OK;;
&TRANS_PARA_PHONIE;Trasferimento Parametri Fonia;Trasferimento Parametri Fonia;OK;;
&TRANS_PARA_PLATEFORME;Trasferimento Parametri Piattaforma;Trasferimento Parametri Piattaforma;OK;;
&TRANS_PARA_PORTS_PHONIE;Trasferimento Parametri Porte Fonia;Trasferimento Parametri Porte Fonia;OK;;
&TRANS_PARA_POSITIONS;Trasferimento Parametri Posizione;Trasferimento Parametri Posizione;OK;;
&TRANS_PARA_RADIO;Trasferimento Parametri Radio;Trasferimento Parametri Radio;OK;;
&TRANS_PARA_REPROMULGATION;Trasferimento Parametri Ripromulgazione;Trasferimento Parametri Ripromulgazione;OK;;
&TRANS_PARA_STATION;Trasferimento Parametri Stazione;Trasferimento Parametri Stazione;OK;;
&TRANS_PARA_TSA_RSA;Trasferimento Parametri TSA/RSA ;Trasferimento Parametri TSA/RSA;OK;;
&TRANS_PARA_TX_RX_PG;Trasferimento Parametri TX/RX PG ;Trasferimento Parametri TX/RX PG;OK;;
&Transferer;Trasferimento;Trasferimento;OK;;
&TypeFichierDRP;DRP (arch_AAMMGG.dmp);DRP (arch_AAMMGG.dmp);OK;;
&TypeFichierRAW;RAW (arch_AAMMGG.raw);RAW (arch_AAMMGG.raw);OK;;
&TypeFichierRCD;RCD (arch_AAMMGG.rcd);RCD (arch_AAMMGG.rcd);OK;;
&UMAT;UMEI;UMEI;OK;;
&UMAT_ALR;UMEI ALR;UMEI ALR;OK;;
&UMAT_CDE;UMEI CDE;UMEI CDE;OK;;
&UMAT_CDE_FORCAGE_MARCHE;Funzionamento forzato;Funzionamento forzato;OK;;
&UMAT_CDE_INCONNUE;Comando sconosciuto;Comando sconosciuto;OK;;
&UMAT_CDE_MARCHE_ON_OFF;ON/OFF CDE;ON/OFF CDE;OK;;
&UMAT_CDE_RAZ_CLES;Reset chiave;Reset chiave;OK;;
&UMAT_CDE_STANDBY;Standby;Standby;OK;;
&UMAT_MIDS_STS;UMEI MIDS STS;UMEI MIDS STS;OK;;
&UMAT_STS_FAIL_TEMP_CRITIQUE;TEMP_CRITICA;TEMP_CRITICA;OK;;
&UNKOWN_CMD_F;Id Messaggio sconosciutto: %d;Id Messaggio sconosciutto: %d;OK;;
&Using_Current_Data_M;Con valori correnti;Con valori correnti;OK;;
&Using_Default_Data_M;Con valori di default;Con valori di default;OK;;
&V1_vitesse_turbine_1;V1: Velocità Turbina 1 (g/s);V1: Velocità  Turbina 1 (g/s);OK;;
&V2_vitesse_turbine_2;V2: Velocità Turbina 2 (g/s);V2: Velocità  Turbina 2 (g/s);OK;;
&VALID_NOM_FIC;Validazione del nome del file;Validazione del nome del file;OK;;
&Validity;Validità;Validità ;OK;;
&Valider;Convalida;Convalida;OK;;
&VALIDER;Convalida;Convalida;OK;;
&VERIF_DISQUETTE_INSEREE;Controlla che il dischetto è corretamente inserito;Controlla che il dischetto è corretamente inserito;OK;;
&VERIF_FORMAT_NOM_CHAMP;Spostare il cursore sul nome del campo per verificare il formato;Spostare il cursore sul nome del campo per verificare il formato;OK;;
&VERIF_FORMAT_OBJ_CONF;Spostare il cursore sul oggetto di configurazione per verificare il formato;Spostare il cursore sul oggetto di configurazione per verificare il formato;OK;;
&VERROU_APPLI;Lock il SW;Lock il SW;OK;;
&Verrouiller;Lock;Lock;OK;;
&Verrouiller_M;Lock;Lock;OK;;
&Vide;Vuoto;Vuoto;OK;;
&Visualiser;Visualizzare;Visualizzare;OK;;
&Visualiser_Arch_Externe_M;Visualizzare la registrazione esterna;Visualizzare la registrazione esterna;OK;;
&Visualiser_Arch_Local_M;Visualizzare la registrazione attuale;Visualizzare la registrazione attuale;OK;;
&Visualiser_Arch_TSDF_M;Visualizzare la registrazione TSDF;Visualizzare la registrazione TSDF;OK;;
&Visualiser_M;Visualizzare;Visualizzare;OK;;
&VISU_POSITION_STATIONS;Visualizzazione: Posizione delle Stazione;Visualizzazione: Posizione delle Stazione;OK;;
&ZoomIn;Zoom in avanti;Zoom in avanti;OK;;
&ZoomOut;Zoom in indietro;Zoom in indietro;OK;;
&Zoom_Relay;Zoom Relay;Zoom Relay;OK;;
